transaction_id,customer_id,amount,payment_method,status,failure_code,failure_source,failure_category,is_disputed,timestamp,retry_count,created_at,last_contact_at
txn_00000,cust_0061,985.78,card,success,,,,False,2026-09-02T00:05:25.633444,0,,
txn_00001,cust_0033,3921.29,UPI,success,,,,False,2026-08-28T00:20:41.869111,0
txn_00002,cust_0071,151.63,card,success,,,,False,2026-08-29T20:48:20.230532,0
txn_00003,cust_0069,926.45,UPI,success,,,,False,2026-09-03T01:45:32.860771,0
txn_00004,cust_0067,634.53,UPI,success,,,,False,2026-09-02T09:33:04.686142,0
txn_00005,cust_0030,134.77,card,success,,,,False,2026-08-31T16:09:56.546563,0
txn_00006,cust_0010,9085.18,UPI,success,,,,False,2026-08-31T13:34:12.771205,0
txn_00007,cust_0040,383.56,UPI,success,,,,False,2026-09-01T19:54:02.735858,0
txn_00008,cust_0009,582.87,UPI,success,,,,False,2026-09-03T10:26:06.011676,0
txn_00009,cust_0064,240.97,netbanking,success,,,,False,2026-09-01T15:26:46.789159,0
txn_00010,cust_0069,834.39,card,success,,,,False,2026-08-29T13:48:19.053307,0
txn_00011,cust_0038,352.58,UPI,failed,payment_timed_out,gateway,technical_decline,False,2026-08-27T23:27:53.947349,0
txn_00012,cust_0026,21922.07,UPI,failed,insufficient_funds,customer,business_decline,False,2026-08-29T11:26:28.149218,0
txn_00013,cust_0011,216.74,UPI,success,,,,False,2026-08-30T01:26:24.766267,0
txn_00014,cust_0033,949.55,card,success,,,,False,2026-09-02T08:51:15.220750,0
txn_00015,cust_0019,213.7,netbanking,success,,,,False,2026-08-30T16:20:26.993089,0
txn_00016,cust_0039,712.86,UPI,success,,,,False,2026-08-31T22:44:18.763530,0
txn_00017,cust_0013,4702.13,wallet,success,,,,False,2026-09-01T00:34:55.161785,0
txn_00018,cust_0030,761.91,netbanking,success,,,,False,2026-08-28T10:44:46.474926,0
txn_00019,cust_0042,730.15,UPI,failed,incorrect_otp,customer,business_decline,False,2026-08-29T00:33:32.647130,0
txn_00020,cust_0048,2840.75,card,success,,,,False,2026-08-28T09:28:33.529698,0
txn_00021,cust_0039,2593.47,netbanking,success,,,,False,2026-08-28T18:08:59.596788,0
txn_00022,cust_0035,2598.31,UPI,success,,,,False,2026-08-28T10:47:19.340660,0
txn_00023,cust_0068,635.91,UPI,failed,card_expired,customer,business_decline,False,2026-09-01T04:22:00.559704,0
txn_00024,cust_0044,445.68,card,success,,,,False,2026-08-29T09:36:15.947317,0
txn_00025,cust_0073,4760.11,UPI,failed,authentication_failed,customer,business_decline,False,2026-09-02T04:04:00.357181,0
txn_00026,cust_0025,3878.3,UPI,failed,insufficient_funds,customer,business_decline,True,2026-08-31T22:48:38.853867,0
txn_00027,cust_0038,3217.1,card,success,,,,False,2026-08-30T22:48:12.309559,0
txn_00028,cust_0024,17310.3,card,success,,,,False,2026-08-31T13:21:54.057334,0
txn_00029,cust_0038,806.18,card,success,,,,False,2026-08-31T15:46:45.737935,0
txn_00030,cust_0077,20920.5,card,failed,insufficient_funds,customer,business_decline,False,2026-08-29T22:00:34.038784,0
txn_00031,cust_0021,1373.46,card,success,,,,False,2026-08-29T21:18:47.069425,0
txn_00032,cust_0030,319.36,card,success,,,,False,2026-08-29T18:58:13.178447,0
txn_00033,cust_0060,3302.11,UPI,success,,,,False,2026-08-30T05:18:21.501093,0
txn_00034,cust_0049,774.87,card,success,,,,False,2026-08-31T00:56:40.688182,0
txn_00035,cust_0013,7427.17,card,failed,authentication_failed,customer,business_decline,False,2026-08-29T01:13:31.337987,0
txn_00036,cust_0017,22828.52,card,success,,,,False,2026-08-28T21:21:43.239278,0
txn_00037,cust_0078,13918.27,wallet,success,,,,False,2026-08-28T19:04:44.064366,0
txn_00038,cust_0020,672.9,UPI,success,,,,False,2026-08-29T07:03:57.188582,0
txn_00039,cust_0066,902.72,netbanking,failed,incorrect_otp,customer,business_decline,False,2026-08-31T02:35:15.724076,0
txn_00040,cust_0010,1256.85,UPI,success,,,,False,2026-09-02T12:45:11.367595,0
txn_00041,cust_0052,2557.52,netbanking,success,,,,False,2026-09-01T04:24:42.934700,0
txn_00042,cust_0074,449.99,card,failed,authentication_failed,customer,business_decline,False,2026-08-27T21:03:41.682085,0
txn_00043,cust_0053,344.64,netbanking,success,,,,False,2026-08-30T17:34:44.200709,0
txn_00044,cust_0062,247.54,UPI,success,,,,False,2026-09-03T07:07:25.788896,0
txn_00045,cust_0059,16837.86,UPI,success,,,,False,2026-08-28T01:31:01.227819,0
txn_00046,cust_0003,393.62,UPI,success,,,,False,2026-09-02T21:53:48.574884,0
txn_00047,cust_0058,4326.87,UPI,success,,,,False,2026-09-01T05:05:23.657208,0
txn_00048,cust_0032,9484.44,UPI,success,,,,False,2026-08-28T15:44:05.878661,0
txn_00049,cust_0008,117.34,netbanking,success,,,,False,2026-08-29T00:45:10.251595,0
txn_00050,cust_0019,14300.68,netbanking,success,,,,False,2026-09-01T19:55:28.019146,0
txn_00051,cust_0032,4857.92,card,failed,incorrect_otp,customer,business_decline,False,2026-08-29T03:09:40.030114,0
txn_00052,cust_0013,12506.14,netbanking,success,,,,False,2026-08-30T10:46:51.473778,0
txn_00053,cust_0025,794.23,UPI,success,,,,False,2026-09-02T23:13:57.330201,0
txn_00054,cust_0076,578.47,netbanking,success,,,,False,2026-08-28T20:40:16.687587,0
txn_00055,cust_0047,540.18,UPI,success,,,,False,2026-09-03T00:24:54.965753,0
txn_00056,cust_0055,759.42,card,success,,,,False,2026-08-27T18:35:15.679349,0
txn_00057,cust_0034,3369.31,card,success,,,,False,2026-08-30T04:31:36.208268,0
txn_00058,cust_0041,1975.21,card,success,,,,False,2026-08-28T12:54:43.880820,0
txn_00059,cust_0059,391.51,UPI,success,,,,False,2026-08-30T12:15:54.934899,0
txn_00060,cust_0062,3804.03,UPI,success,,,,False,2026-09-02T00:21:49.914611,0
txn_00061,cust_0035,315.29,UPI,failed,insufficient_funds,customer,business_decline,False,2026-08-30T14:37:37.586314,0
txn_00062,cust_0060,721.61,UPI,success,,,,False,2026-08-29T23:29:17.926237,0
txn_00063,cust_0039,995.97,netbanking,success,,,,False,2026-08-29T20:27:16.978938,0
txn_00064,cust_0070,207.59,card,success,,,,False,2026-09-01T04:25:37.423456,0
txn_00065,cust_0024,763.74,card,success,,,,False,2026-09-01T06:59:16.603465,0
txn_00066,cust_0035,189.47,UPI,success,,,,False,2026-08-29T10:16:10.991339,0
txn_00067,cust_0024,1506.21,card,success,,,,False,2026-09-01T10:13:50.139017,0
txn_00068,cust_0005,880.62,card,success,,,,False,2026-08-27T16:19:06.425669,0
txn_00069,cust_0062,10049.57,UPI,failed,authentication_failed,customer,business_decline,True,2026-09-02T18:45:54.991223,0
txn_00070,cust_0061,829.03,card,failed,card_expired,customer,business_decline,False,2026-09-02T16:50:00.097290,0
txn_00071,cust_0038,635.51,card,success,,,,False,2026-09-02T21:41:22.586602,0
txn_00072,cust_0079,873.15,UPI,success,,,,False,2026-09-01T22:05:04.419503,0
txn_00073,cust_0054,4789.41,UPI,success,,,,False,2026-09-01T08:41:46.028236,0
txn_00074,cust_0026,595.79,UPI,success,,,,False,2026-08-30T02:54:48.509610,0
txn_00075,cust_0020,307.33,UPI,success,,,,False,2026-09-03T11:33:01.722970,0
txn_00076,cust_0036,20756.56,UPI,success,,,,False,2026-08-29T13:53:53.124865,0
txn_00077,cust_0075,681.87,netbanking,success,,,,False,2026-08-29T20:55:16.495682,0
txn_00078,cust_0034,358.75,UPI,failed,insufficient_funds,customer,business_decline,False,2026-08-28T17:07:33.474644,0
txn_00079,cust_0015,584.98,UPI,success,,,,False,2026-08-31T05:15:31.467577,0
txn_00080,cust_0056,964.72,card,failed,insufficient_funds,customer,business_decline,False,2026-09-02T22:29:08.767971,0
txn_00081,cust_0073,566.07,netbanking,failed,card_expired,customer,business_decline,False,2026-08-30T09:21:48.050902,0
txn_00082,cust_0056,412.16,card,failed,card_expired,customer,business_decline,False,2026-08-28T02:05:59.177862,0
txn_00083,cust_0042,2601.41,UPI,failed,authentication_failed,customer,business_decline,False,2026-09-01T06:03:43.966797,0
txn_00084,cust_0070,4298.88,card,failed,insufficient_funds,customer,business_decline,False,2026-09-03T05:50:05.575586,0
txn_00085,cust_0000,424.6,UPI,success,,,,False,2026-08-29T21:30:46.998255,0
txn_00086,cust_0063,933.91,UPI,success,,,,False,2026-08-30T02:55:52.792751,0
txn_00087,cust_0056,4196.46,card,success,,,,False,2026-08-28T08:01:03.965822,0
txn_00088,cust_0020,951.35,UPI,failed,insufficient_funds,customer,business_decline,False,2026-09-01T07:47:38.316300,0
txn_00089,cust_0019,850.25,netbanking,success,,,,False,2026-08-31T00:16:22.494753,0
txn_00090,cust_0060,15164.82,UPI,success,,,,False,2026-09-01T19:03:11.548006,0
txn_00091,cust_0017,15154.75,UPI,success,,,,False,2026-08-28T10:50:36.510058,0
txn_00092,cust_0000,14792.81,UPI,success,,,,False,2026-09-01T12:28:58.982911,0
txn_00093,cust_0019,2508.46,netbanking,success,,,,False,2026-08-31T08:58:48.136687,0
txn_00094,cust_0041,869.41,card,success,,,,False,2026-08-28T09:54:24.901980,0
txn_00095,cust_0052,696.32,netbanking,success,,,,False,2026-09-03T04:40:02.113506,0
txn_00096,cust_0019,2760.78,netbanking,failed,card_expired,customer,business_decline,False,2026-08-31T00:47:05.232712,0
txn_00097,cust_0067,802.37,UPI,failed,bank_technical_error,gateway,technical_decline,False,2026-08-28T03:02:44.873329,0
txn_00098,cust_0033,4408.51,UPI,success,,,,False,2026-09-01T03:07:18.165646,0
txn_00099,cust_0068,1143.56,card,success,,,,False,2026-08-31T20:09:30.316378,0
txn_00100,cust_0008,180.34,card,success,,,,False,2026-09-01T20:33:30.956972,0
txn_00101,cust_0012,368.52,card,success,,,,False,2026-08-29T04:15:28.409677,0
txn_00102,cust_0003,230.01,UPI,success,,,,False,2026-09-03T04:16:24.662144,0
txn_00103,cust_0067,647.54,UPI,success,,,,False,2026-08-31T14:46:31.102220,0
txn_00104,cust_0048,327.58,UPI,success,,,,False,2026-08-30T03:53:19.169109,0
txn_00105,cust_0032,590.94,card,success,,,,False,2026-08-29T19:58:14.734197,0
txn_00106,cust_0009,2696.81,UPI,success,,,,False,2026-08-31T09:47:21.826876,0
txn_00107,cust_0032,442.23,netbanking,success,,,,False,2026-08-31T07:15:05.700499,0
txn_00108,cust_0045,18164.6,UPI,success,,,,False,2026-08-30T11:25:53.744628,0
txn_00109,cust_0035,19903.44,wallet,success,,,,False,2026-09-03T10:38:22.350307,0
txn_00110,cust_0036,324.56,UPI,success,,,,False,2026-08-29T01:40:31.855536,0
txn_00111,cust_0017,495.74,wallet,success,,,,False,2026-08-30T02:27:15.546890,0
txn_00112,cust_0074,4504.97,UPI,failed,authentication_failed,customer,business_decline,False,2026-08-31T22:42:11.926264,0
txn_00113,cust_0046,2926.91,UPI,success,,,,False,2026-08-30T18:49:00.484385,0
txn_00114,cust_0037,7815.14,UPI,success,,,,False,2026-08-29T06:34:40.904686,0
txn_00115,cust_0028,2462.73,wallet,success,,,,False,2026-08-28T11:29:46.966996,0
txn_00116,cust_0050,839.18,netbanking,failed,card_expired,customer,business_decline,False,2026-09-03T09:39:41.997395,0
txn_00117,cust_0047,3245.07,UPI,success,,,,False,2026-09-02T17:47:52.277390,0
txn_00118,cust_0078,950.64,netbanking,failed,insufficient_funds,customer,business_decline,False,2026-09-01T22:48:37.117395,0
txn_00119,cust_0038,953.44,card,failed,authentication_failed,customer,business_decline,False,2026-08-27T12:41:03.123748,0
txn_00120,cust_0069,188.12,UPI,success,,,,False,2026-08-31T13:35:12.139535,0
txn_00121,cust_0062,1868.86,UPI,success,,,,False,2026-08-30T04:34:13.540942,0
txn_00122,cust_0056,3177.32,card,success,,,,False,2026-08-27T20:18:24.233274,0
txn_00123,cust_0045,1366.6,netbanking,success,,,,False,2026-09-03T01:49:39.306072,0
txn_00124,cust_0027,1974.03,UPI,success,,,,False,2026-08-30T00:11:37.138217,0
txn_00125,cust_0016,795.93,card,failed,card_expired,customer,business_decline,False,2026-08-28T23:47:15.645134,0
txn_00126,cust_0076,324.59,netbanking,success,,,,False,2026-09-03T11:31:25.058465,0
txn_00127,cust_0022,808.59,UPI,success,,,,False,2026-09-02T17:31:56.544796,0
txn_00128,cust_0075,2904.51,netbanking,failed,incorrect_otp,customer,business_decline,False,2026-09-01T05:36:23.019805,0
txn_00129,cust_0046,4467.06,card,failed,bank_not_available,gateway,technical_decline,False,2026-08-30T21:46:33.683238,0
txn_00130,cust_0066,21945.97,netbanking,success,,,,False,2026-09-01T09:19:33.977004,0
txn_00131,cust_0054,646.47,UPI,success,,,,False,2026-08-29T16:44:08.234382,0
txn_00132,cust_0008,2523.24,card,success,,,,False,2026-09-02T14:47:59.327393,0
txn_00133,cust_0076,730.6,netbanking,success,,,,False,2026-08-30T18:51:59.224722,0
txn_00134,cust_0070,473.39,card,failed,insufficient_funds,customer,business_decline,False,2026-08-29T10:53:56.018405,0
txn_00135,cust_0012,18736.42,card,success,,,,False,2026-09-01T07:29:30.757922,0
txn_00136,cust_0060,763.92,UPI,success,,,,False,2026-09-03T00:43:17.775239,0
txn_00137,cust_0016,209.01,UPI,success,,,,False,2026-08-30T14:31:46.979100,0
txn_00138,cust_0045,6028.92,UPI,success,,,,False,2026-08-28T09:14:02.261273,0
txn_00139,cust_0036,690.06,UPI,success,,,,False,2026-08-30T07:07:51.976827,0
txn_edge_01,cust_0001,1250.00,UPI,failed,bank_technical_error,gateway,technical_decline,False,2026-09-03T10:00:00.000000,3,,
txn_edge_02,cust_0003,875.50,card,failed,payment_timed_out,gateway,technical_decline,False,2026-09-03T09:00:00.000000,0,,RECENT
txn_edge_03,cust_0005,3300.00,netbanking,failed,bank_not_available,gateway,technical_decline,False,2026-09-03T08:00:00.000000,0,2026-07-01T00:00:00.000000,
